Country,Year,Employment_Rate,Permanent_Inflows,Population
CAN,2009,71.50833,253101,33628895
CAN,2010,71.55833,281262,34004889
CAN,2011,71.975,249292,34339328
CAN,2012,72.31667,258347,34714222
CAN,2013,72.71667,262773,35082954
CAN,2014,72.5,261377,35437435
CAN,2015,72.74167,275852,35702908
CAN,2016,72.675,296740,36109487
CAN,2017,73.56667,286447,36545236
CAN,2018,74.025,321042,37065084
CAN,2019,74.6,341173,37601230
